name	tissue	ACE2_genotype	dataset	collection_location	collection_coordinates	collection_date	bat_individual
22BM063	Liver	V_Ra_01	this study	Bach Ma, Thua Thien Hue, Vietnam	16.1967,107.8619	2022-05-07	22BM063
22BM065	Liver	V_Ra_01	this study	Bach Ma, Thua Thien Hue, Vietnam	16.1967,107.8619	2022-05-07	22BM065
22BM028	Liver	V_Ra_01	this study	Bach Ma, Thua Thien Hue, Vietnam	16.1967,107.8619	2022-05-07	22BM028
22BM064	Liver	V_Ra_01	this study	Bach Ma, Thua Thien Hue, Vietnam	16.1967,107.8619	2022-05-07	22BM064
21BM025	Liver	V_Ra_01	this study	Bach Ma, Thua Thien Hue, Vietnam	16.1967,107.8619	2021-04-14	21BM025
22BM075	Liver	V_Ra_01	this study	Bach Ma, Thua Thien Hue, Vietnam	16.1967,107.8619	2022-05-07	22BM075
22BM017	Liver	V_Ra_01	this study	Bach Ma, Thua Thien Hue, Vietnam	16.1967,107.8619	2022-05-07	22BM017
21BM017	Liver	V_Ra_01	this study	Bach Ma, Thua Thien Hue, Vietnam	16.1967,107.8619	2021-04-14	21BM017
22BM021	Liver	V_Ra_01	this study	Bach Ma, Thua Thien Hue, Vietnam	16.1967,107.8619	2022-05-07	22BM021
22BM005	Liver	V_Ra_01	this study	Bach Ma, Thua Thien Hue, Vietnam	16.1967,107.8619	2022-05-07	22BM005
21BM010	Liver	V_Ra_01	this study	Bach Ma, Thua Thien Hue, Vietnam	16.1967,107.8619	2021-04-14	21BM010
21BM038	Liver	V_Ra_01	this study	Bach Ma, Thua Thien Hue, Vietnam	16.1967,107.8619	2021-04-14	21BM038
22BM008	Liver	V_Ra_01	this study	Bach Ma, Thua Thien Hue, Vietnam	16.1967,107.8619	2022-05-07	22BM008
22BM012	Liver	V_Ra_01	this study	Bach Ma, Thua Thien Hue, Vietnam	16.1967,107.8619	2022-05-07	22BM012
22BM013	Liver	V_Ra_01	this study	Bach Ma, Thua Thien Hue, Vietnam	16.1967,107.8619	2022-05-07	22BM013
22BM018	Liver	V_Ra_01	this study	Bach Ma, Thua Thien Hue, Vietnam	16.1967,107.8619	2022-05-07	22BM018
22BM022	Liver	V_Ra_01	this study	Bach Ma, Thua Thien Hue, Vietnam	16.1967,107.8619	2022-05-07	22BM022
22BM033	Liver	V_Ra_01	this study	Bach Ma, Thua Thien Hue, Vietnam	16.1967,107.8619	2022-05-07	22BM033
22BM042	Liver	V_Ra_01	this study	Bach Ma, Thua Thien Hue, Vietnam	16.1967,107.8619	2022-05-07	22BM042
22BM048	Liver	V_Ra_01	this study	Bach Ma, Thua Thien Hue, Vietnam	16.1967,107.8619	2022-05-07	22BM048
21BM012	Liver	V_Ra_01	this study	Bach Ma, Thua Thien Hue, Vietnam	16.1967,107.8619	2021-04-14	21BM012
21BM003	Liver	V_Ra_01	this study	Bach Ma, Thua Thien Hue, Vietnam	16.1967,107.8619	2021-04-14	21BM003
21BM013	Liver	V_Ra_01	this study	Bach Ma, Thua Thien Hue, Vietnam	16.1967,107.8619	2021-04-14	21BM013
22BM045	Liver	V_Ra_04	this study	Bach Ma, Thua Thien Hue, Vietnam	16.1967,107.8619	2022-05-07	22BM045
22BM067	Liver	V_Ra_04	this study	Bach Ma, Thua Thien Hue, Vietnam	16.1967,107.8619	2022-05-07	22BM067
22BM069	Liver	V_Ra_04	this study	Bach Ma, Thua Thien Hue, Vietnam	16.1967,107.8619	2022-05-07	22BM069
22CB028	Liver	V_Ra_04	this study	Cat Ba, Hai Phong, Vietnam	20.7536,107.0125	2022-11-27	22CB028
22BM068	Liver	V_Ra_04	this study	Bach Ma, Thua Thien Hue, Vietnam	16.1967,107.8619	2022-05-07	22BM068
22BM031	Liver	V_Ra_04	this study	Bach Ma, Thua Thien Hue, Vietnam	16.1967,107.8619	2022-05-07	22BM031
22BM046	Liver	V_Ra_04	this study	Bach Ma, Thua Thien Hue, Vietnam	16.1967,107.8619	2022-05-07	22BM046
21BM007	Liver	V_Ra_04	this study	Bach Ma, Thua Thien Hue, Vietnam	16.1967,107.8619	2021-04-14	21BM007
21BM005	Liver	V_Ra_04	this study	Bach Ma, Thua Thien Hue, Vietnam	16.1967,107.8619	2021-04-14	21BM005
22BM025	Liver	V_Ra_04	this study	Bach Ma, Thua Thien Hue, Vietnam	16.1967,107.8619	2022-05-07	22BM025
21BM022	Liver	V_Ra_04	this study	Bach Ma, Thua Thien Hue, Vietnam	16.1967,107.8619	2021-04-14	21BM022
21BM023	Liver	V_Ra_04	this study	Bach Ma, Thua Thien Hue, Vietnam	16.1967,107.8619	2021-04-14	21BM023
21BM035	Liver	V_Ra_04	this study	Bach Ma, Thua Thien Hue, Vietnam	16.1967,107.8619	2021-04-14	21BM035
21BM015	Liver	V_Ra_04	this study	Bach Ma, Thua Thien Hue, Vietnam	16.1967,107.8619	2021-04-14	21BM015
21BM037	Liver	V_Ra_04	this study	Bach Ma, Thua Thien Hue, Vietnam	16.1967,107.8619	2021-04-14	21BM037
21BM026	Liver	V_Ra_04	this study	Bach Ma, Thua Thien Hue, Vietnam	16.1967,107.8619	2021-04-14	21BM026
21BM021	Liver	V_Ra_04	this study	Bach Ma, Thua Thien Hue, Vietnam	16.1967,107.8619	2021-04-14	21BM021
22BM040	Liver	V_Ra_04	this study	Bach Ma, Thua Thien Hue, Vietnam	16.1967,107.8619	2022-05-07	22BM040
22BM026	Liver	V_Ra_04	this study	Bach Ma, Thua Thien Hue, Vietnam	16.1967,107.8619	2022-05-07	22BM026
22BM002	Liver	V_Ra_04	this study	Bach Ma, Thua Thien Hue, Vietnam	16.1967,107.8619	2022-05-07	22BM002
22BM014	Liver	V_Ra_04	this study	Bach Ma, Thua Thien Hue, Vietnam	16.1967,107.8619	2022-05-07	22BM014
22BM061	Liver	V_Ra_04	this study	Bach Ma, Thua Thien Hue, Vietnam	16.1967,107.8619	2022-05-07	22BM061
22BM062	Liver	V_Ra_04	this study	Bach Ma, Thua Thien Hue, Vietnam	16.1967,107.8619	2022-05-07	22BM062
22BM060	Liver	V_Ra_04	this study	Bach Ma, Thua Thien Hue, Vietnam	16.1967,107.8619	2022-05-07	22BM060
22BM053	Liver	V_Ra_04	this study	Bach Ma, Thua Thien Hue, Vietnam	16.1967,107.8619	2022-05-07	22BM053
22BM054	Liver	V_Ra_04	this study	Bach Ma, Thua Thien Hue, Vietnam	16.1967,107.8619	2022-05-07	22BM054
22BM035	Liver	V_Ra_04	this study	Bach Ma, Thua Thien Hue, Vietnam	16.1967,107.8619	2022-05-07	22BM035
22BM016	Liver	V_Ra_04	this study	Bach Ma, Thua Thien Hue, Vietnam	16.1967,107.8619	2022-05-07	22BM016
22BM015	Liver	V_Ra_04	this study	Bach Ma, Thua Thien Hue, Vietnam	16.1967,107.8619	2022-05-07	22BM015
22BM007	Liver	V_Ra_04	this study	Bach Ma, Thua Thien Hue, Vietnam	16.1967,107.8619	2022-05-07	22BM007
22BM077	Liver	V_Ra_04	this study	Bach Ma, Thua Thien Hue, Vietnam	16.1967,107.8619	2022-05-07	22BM077
22BM073	Liver	V_Ra_04	this study	Bach Ma, Thua Thien Hue, Vietnam	16.1967,107.8619	2022-05-07	22BM073
21BM004	Liver	V_Ra_04	this study	Bach Ma, Thua Thien Hue, Vietnam	16.1967,107.8619	2021-04-14	21BM004
22BM080	Liver	V_Ra_04	this study	Bach Ma, Thua Thien Hue, Vietnam	16.1967,107.8619	2022-05-07	22BM080
22BM051	Liver	V_Ra_04	this study	Bach Ma, Thua Thien Hue, Vietnam	16.1967,107.8619	2022-05-07	22BM051
22BM050	Liver	V_Ra_04	this study	Bach Ma, Thua Thien Hue, Vietnam	16.1967,107.8619	2022-05-07	22BM050
22BM034	Liver	V_Ra_04	this study	Bach Ma, Thua Thien Hue, Vietnam	16.1967,107.8619	2022-05-07	22BM034
22BM037	Liver	V_Ra_04	this study	Bach Ma, Thua Thien Hue, Vietnam	16.1967,107.8619	2022-05-07	22BM037
22BM006	Liver	V_Ra_04	this study	Bach Ma, Thua Thien Hue, Vietnam	16.1967,107.8619	2022-05-07	22BM006
22BM019	Liver	V_Ra_04	this study	Bach Ma, Thua Thien Hue, Vietnam	16.1967,107.8619	2022-05-07	22BM019
22BM044	Liver	V_Ra_04	this study	Bach Ma, Thua Thien Hue, Vietnam	16.1967,107.8619	2022-05-07	22BM044
22BM004	Liver	V_Ra_04	this study	Bach Ma, Thua Thien Hue, Vietnam	16.1967,107.8619	2022-05-07	22BM004
22BM032	Liver	V_Ra_04	this study	Bach Ma, Thua Thien Hue, Vietnam	16.1967,107.8619	2022-05-07	22BM032
22BM036	Liver	V_Ra_04	this study	Bach Ma, Thua Thien Hue, Vietnam	16.1967,107.8619	2022-05-07	22BM036
22BM041	Liver	V_Ra_04	this study	Bach Ma, Thua Thien Hue, Vietnam	16.1967,107.8619	2022-05-07	22BM041
21BM014	Liver	V_Ra_04	this study	Bach Ma, Thua Thien Hue, Vietnam	16.1967,107.8619	2021-04-14	21BM014
21BM008	Liver	V_Ra_04	this study	Bach Ma, Thua Thien Hue, Vietnam	16.1967,107.8619	2021-04-14	21BM008
21BM032	Liver	V_Ra_04	this study	Bach Ma, Thua Thien Hue, Vietnam	16.1967,107.8619	2021-04-14	21BM032
21BM016	Liver	V_Ra_04	this study	Bach Ma, Thua Thien Hue, Vietnam	16.1967,107.8619	2021-04-14	21BM016
21BM029	Liver	V_Ra_04	this study	Bach Ma, Thua Thien Hue, Vietnam	16.1967,107.8619	2021-04-14	21BM029
21BM036	Liver	V_Ra_04	this study	Bach Ma, Thua Thien Hue, Vietnam	16.1967,107.8619	2021-04-14	21BM036
21BM006	Liver	V_Ra_04	this study	Bach Ma, Thua Thien Hue, Vietnam	16.1967,107.8619	2021-04-14	21BM006
22BM052	Liver	V_Ra_04	this study	Bach Ma, Thua Thien Hue, Vietnam	16.1967,107.8619	2022-05-07	22BM052
22BM066	Liver	V_Ra_04	this study	Bach Ma, Thua Thien Hue, Vietnam	16.1967,107.8619	2022-05-07	22BM066
21BM018	Liver	V_Ra_04	this study	Bach Ma, Thua Thien Hue, Vietnam	16.1967,107.8619	2021-04-14	21BM018
21BM019	Liver	V_Ra_04	this study	Bach Ma, Thua Thien Hue, Vietnam	16.1967,107.8619	2021-04-14	21BM019
21BM034	Liver	V_Ra_04	this study	Bach Ma, Thua Thien Hue, Vietnam	16.1967,107.8619	2021-04-14	21BM034
22BM009	Liver	V_Ra_04	this study	Bach Ma, Thua Thien Hue, Vietnam	16.1967,107.8619	2022-05-07	22BM009
22BM071	Liver	V_Ra_06	this study	Bach Ma, Thua Thien Hue, Vietnam	16.1967,107.8619	2022-05-07	22BM071
22BM072	Liver	V_Ra_06	this study	Bach Ma, Thua Thien Hue, Vietnam	16.1967,107.8619	2022-05-07	22BM072
22BM010	Liver	V_Ra_02	this study	Bach Ma, Thua Thien Hue, Vietnam	16.1967,107.8619	2022-05-07	22BM010
22BM076	Liver	V_Ra_02	this study	Bach Ma, Thua Thien Hue, Vietnam	16.1967,107.8619	2022-05-07	22BM076
22BM058	Liver	V_Ra_02	this study	Bach Ma, Thua Thien Hue, Vietnam	16.1967,107.8619	2022-05-07	22BM058
21BM027	Liver	V_Ra_02	this study	Bach Ma, Thua Thien Hue, Vietnam	16.1967,107.8619	2021-04-14	21BM027
21BM033	Liver	V_Ra_02	this study	Bach Ma, Thua Thien Hue, Vietnam	16.1967,107.8619	2021-04-14	21BM033
22BM074	Liver	V_Ra_02	this study	Bach Ma, Thua Thien Hue, Vietnam	16.1967,107.8619	2022-05-07	22BM074
22BM039	Liver	V_Ra_02	this study	Bach Ma, Thua Thien Hue, Vietnam	16.1967,107.8619	2022-05-07	22BM039
22BM043	Liver	V_Ra_02	this study	Bach Ma, Thua Thien Hue, Vietnam	16.1967,107.8619	2022-05-07	22BM043
21BM030	Liver	V_Ra_02	this study	Bach Ma, Thua Thien Hue, Vietnam	16.1967,107.8619	2021-04-14	21BM030
21BM031	Liver	V_Ra_02	this study	Bach Ma, Thua Thien Hue, Vietnam	16.1967,107.8619	2021-04-14	21BM031
22BM079	Liver	V_Ra_04	this study	Bach Ma, Thua Thien Hue, Vietnam	16.1967,107.8619	2022-05-07	22BM079
21BM040	Liver	V_Ra_04	this study	Bach Ma, Thua Thien Hue, Vietnam	16.1967,107.8619	2021-04-14	21BM040
22LS021	Liver	V_Ra_08	this study	Lang Son, Vietnam	21.8197,106.8364	2022-05-24	22LS021
22LS020	Liver	V_Ra_08	this study	Lang Son, Vietnam	21.8197,106.8364	2022-05-24	22LS020
21BM011	Liver	V_Ra_05	this study	Bach Ma, Thua Thien Hue, Vietnam	16.1967,107.8619	2021-04-14	21BM011
22BM047	Liver	V_Ra_05	this study	Bach Ma, Thua Thien Hue, Vietnam	16.1967,107.8619	2022-05-07	22BM047
22BM001	Liver	V_Ra_05	this study	Bach Ma, Thua Thien Hue, Vietnam	16.1967,107.8619	2022-05-07	22BM001
22BM023	Liver	V_Ra_05	this study	Bach Ma, Thua Thien Hue, Vietnam	16.1967,107.8619	2022-05-07	22BM023
21BM039	Liver	V_Ra_05	this study	Bach Ma, Thua Thien Hue, Vietnam	16.1967,107.8619	2021-04-14	21BM039
21BM002	Liver	V_Ra_05	this study	Bach Ma, Thua Thien Hue, Vietnam	16.1967,107.8619	2021-04-14	21BM002
21BM028	Liver	V_Ra_05	this study	Bach Ma, Thua Thien Hue, Vietnam	16.1967,107.8619	2021-04-14	21BM028
21BM001	Liver	V_Ra_05	this study	Bach Ma, Thua Thien Hue, Vietnam	16.1967,107.8619	2021-04-14	21BM001
22LS019	Liver	V_Ra_09	this study	Lang Son, Vietnam	21.8197,106.8364	2022-05-24	22LS019
21TD022	Liver	V_Ra_09	this study	Tam Dao, Vinh Phuc, Vietnam	21.4586,105.6519	2021-04-06	21TD022
22LS033	Liver	V_Ra_09	this study	Lang Son, Vietnam	21.8197,106.8364	2022-05-24	22LS033
21TD004	Liver	V_Ra_09	this study	Tam Dao, Vinh Phuc, Vietnam	21.4586,105.6519	2021-04-06	21TD004
21TD007	Liver	V_Ra_10	this study	Tam Dao, Vinh Phuc, Vietnam	21.4586,105.6519	2021-04-06	21TD007
22LS002	Liver	V_Ra_10	this study	Lang Son, Vietnam	21.8197,106.8364	2022-05-24	22LS002
21TD006	Liver	V_Ra_10	this study	Tam Dao, Vinh Phuc, Vietnam	21.4586,105.6519	2021-04-06	21TD006
21TD009	Liver	V_Ra_10	this study	Tam Dao, Vinh Phuc, Vietnam	21.4586,105.6519	2021-04-06	21TD009
22BM078	Liver	V_Ra_10	this study	Bach Ma, Thua Thien Hue, Vietnam	16.1967,107.8619	2022-05-07	22BM078
22LS025	Liver	V_Ra_10	this study	Lang Son, Vietnam	21.8197,106.8364	2022-05-24	22LS025
22LS007	Liver	V_Ra_10	this study	Lang Son, Vietnam	21.8197,106.8364	2022-05-24	22LS007
22LS026	Liver	V_Ra_10	this study	Lang Son, Vietnam	21.8197,106.8364	2022-05-24	22LS026
21TD010	Liver	V_Ra_10	this study	Tam Dao, Vinh Phuc, Vietnam	21.4586,105.6519	2021-04-06	21TD010
21TD021	Liver	V_Ra_10	this study	Tam Dao, Vinh Phuc, Vietnam	21.4586,105.6519	2021-04-06	21TD021
21TD003	Liver	V_Ra_07	this study	Tam Dao, Vinh Phuc, Vietnam	21.4586,105.6519	2021-04-06	21TD003
22LS028	Liver	V_Ra_07	this study	Lang Son, Vietnam	21.8197,106.8364	2022-05-24	22LS028
22LS049	Liver	V_Ra_11	this study	Lang Son, Vietnam	21.8197,106.8364	2022-05-24	22LS049
22LS022	Liver	V_Ra_11	this study	Lang Son, Vietnam	21.8197,106.8364	2022-05-24	22LS022
22LS050	Liver	V_Ra_11	this study	Lang Son, Vietnam	21.8197,106.8364	2022-05-24	22LS050
21TD005	Liver	V_Ra_11	this study	Tam Dao, Vinh Phuc, Vietnam	21.4586,105.6519	2021-04-06	21TD005
21TD008	Liver	V_Ra_11	this study	Tam Dao, Vinh Phuc, Vietnam	21.4586,105.6519	2021-04-06	21TD008
22LS042	Liver	V_Ra_13	this study	Lang Son, Vietnam	21.8197,106.8364	2022-05-24	22LS042
22CB042	Liver	V_Ra_13	this study	Cat Ba, Hai Phong, Vietnam	20.7536,107.0125	2022-11-27	22CB042
22CB045	Liver	V_Ra_13	this study	Cat Ba, Hai Phong, Vietnam	20.7536,107.0125	2022-11-27	22CB045
22LS004	Liver	V_Ra_13	this study	Lang Son, Vietnam	21.8197,106.8364	2022-05-24	22LS004
21TD019	Liver	V_Ra_13	this study	Tam Dao, Vinh Phuc, Vietnam	21.4586,105.6519	2021-04-06	21TD019
21TD015	Liver	V_Ra_13	this study	Tam Dao, Vinh Phuc, Vietnam	21.4586,105.6519	2021-04-06	21TD015
21TD014	Liver	V_Ra_13	this study	Tam Dao, Vinh Phuc, Vietnam	21.4586,105.6519	2021-04-06	21TD014
21TD016	Liver	V_Ra_13	this study	Tam Dao, Vinh Phuc, Vietnam	21.4586,105.6519	2021-04-06	21TD016
22LS048	Liver	V_Ra_13	this study	Lang Son, Vietnam	21.8197,106.8364	2022-05-24	22LS048
22LS027	Liver	V_Ra_13	this study	Lang Son, Vietnam	21.8197,106.8364	2022-05-24	22LS027
22LS016	Liver	V_Ra_13	this study	Lang Son, Vietnam	21.8197,106.8364	2022-05-24	22LS016
21TD020	Liver	V_Ra_13	this study	Tam Dao, Vinh Phuc, Vietnam	21.4586,105.6519	2021-04-06	21TD020
21TD017	Liver	V_Ra_13	this study	Tam Dao, Vinh Phuc, Vietnam	21.4586,105.6519	2021-04-06	21TD017
21TD001	Liver	V_Ra_12	this study	Tam Dao, Vinh Phuc, Vietnam	21.4586,105.6519	2021-04-06	21TD001
21TD002	Liver	V_Ra_12	this study	Tam Dao, Vinh Phuc, Vietnam	21.4586,105.6519	2021-04-06	21TD002
21TD011	Liver	V_Ra_12	this study	Tam Dao, Vinh Phuc, Vietnam	21.4586,105.6519	2021-04-06	21TD011
22LS037	Liver	V_Ra_15	this study	Lang Son, Vietnam	21.8197,106.8364	2022-05-24	22LS037
22LS005	Liver	V_Ra_14	this study	Lang Son, Vietnam	21.8197,106.8364	2022-05-24	22LS005
21TD018	Liver	V_Ra_13	this study	Tam Dao, Vinh Phuc, Vietnam	21.4586,105.6519	2021-04-06	21TD018
22BM057	Liver	V_Ra_03	this study	Bach Ma, Thua Thien Hue, Vietnam	16.1967,107.8619	2022-05-07	22BM057
22BM038	Liver	V_Ra_03	this study	Bach Ma, Thua Thien Hue, Vietnam	16.1967,107.8619	2022-05-07	22BM038
22CB026	Liver	V_Ra_03	this study	Cat Ba, Hai Phong, Vietnam	20.7536,107.0125	2022-11-27	22CB026
22BM024	Liver	V_Ra_03	this study	Bach Ma, Thua Thien Hue, Vietnam	16.1967,107.8619	2022-05-07	22BM024
22BM011	Liver	V_Ra_03	this study	Bach Ma, Thua Thien Hue, Vietnam	16.1967,107.8619	2022-05-07	22BM011
22BM070	Liver	V_Ra_03	this study	Bach Ma, Thua Thien Hue, Vietnam	16.1967,107.8619	2022-05-07	22BM070
22BM020	Liver	V_Ra_03	this study	Bach Ma, Thua Thien Hue, Vietnam	16.1967,107.8619	2022-05-07	22BM020
21BM024	Liver	V_Ra_03	this study	Bach Ma, Thua Thien Hue, Vietnam	16.1967,107.8619	2021-04-14	21BM024
22BM056	Liver	V_Ra_01	this study	Bach Ma, Thua Thien Hue, Vietnam	16.1967,107.8619	2022-05-07	22BM056
22BM003	Liver	V_Ra_01	this study	Bach Ma, Thua Thien Hue, Vietnam	16.1967,107.8619	2022-05-07	22BM003
PQ778189.1		R. affinis	NCBI	India	NCBI	NCBI	-
KP972679.1		R. affinis	NCBI	Malaysia	NCBI	NCBI	-
KP972684.1		R. affinis	NCBI	Malaysia	NCBI	NCBI	-
KP972685.1		R. affinis	NCBI	Malaysia	NCBI	NCBI	-
KJ622468.1		R. affinis	NCBI	-	NCBI	NCBI	-
KJ622449.1		R. affinis	NCBI	-	NCBI	NCBI	-
KJ622461.1		R. affinis	NCBI	-	NCBI	NCBI	-
KJ622452.1		R. affinis	NCBI	-	NCBI	NCBI	-
KJ622444.1		R. affinis	NCBI	-	NCBI	NCBI	-
KJ622463.1		R. affinis	NCBI	-	NCBI	NCBI	-
DQ297582.1		R. affinis	NCBI	-	NCBI	NCBI	-
EF544421.1		R. affinis	NCBI	-	NCBI	NCBI	-
EF544420.1		R. affinis	NCBI	-	NCBI	NCBI	-
EF544418.1		R. affinis	NCBI	-	NCBI	NCBI	-
EF544419.1		R. affinis	NCBI	-	NCBI	NCBI	-
KJ622445.1		R. affinis	NCBI	-	NCBI	NCBI	-
JX465358.1		R. affinis	NCBI	China	NCBI	NCBI	-
KJ622455.1		R. affinis	NCBI	-	NCBI	NCBI	-
JN106274.1		R. affinis	NCBI	Borneo	NCBI	NCBI	-
JN106280.1		R. affinis	NCBI	Borneo	NCBI	NCBI	-
KP972687.1		R. affinis	NCBI	Indonesia	NCBI	NCBI	-
KP972690.1		R. affinis	NCBI	Indonesia	NCBI	NCBI	-
KP972686.1		R. affinis	NCBI	Indonesia	NCBI	NCBI	-
KP972689.1		R. affinis	NCBI	Indonesia	NCBI	NCBI	-
FJ185185.1		R. affinis	NCBI	-	NCBI	NCBI	-
KJ622509.1		R. affinis	NCBI	-	NCBI	NCBI	-
KJ622500.1		R. affinis	NCBI	-	NCBI	NCBI	-
KJ622491.1		R. affinis	NCBI	-	NCBI	NCBI	-
KJ622456.1		R. affinis	NCBI	-	NCBI	NCBI	-
KJ622514.1		R. affinis	NCBI	-	NCBI	NCBI	-
KJ622494.1		R. affinis	NCBI	-	NCBI	NCBI	-
KJ622492.1		R. affinis	NCBI	-	NCBI	NCBI	-
FJ185186.1		R. affinis	NCBI	-	NCBI	NCBI	-
KP876551.1		R. affinis	NCBI	China	NCBI	NCBI	-
LC426451.1		R. affinis	NCBI	China	NCBI	NCBI	-
LC426450.1		R. affinis	NCBI	China	NCBI	NCBI	-
KP876553.1		R. affinis	NCBI	China	NCBI	NCBI	-
KJ622489.1		R. affinis	NCBI	-	NCBI	NCBI	-
PQ778206.1		R. affinis	NCBI	India	NCBI	NCBI	-
KJ622478.1		R. affinis	NCBI	-	NCBI	NCBI	-
KJ622486.1		R. affinis	NCBI	-	NCBI	NCBI	-
KJ622487.1		R. affinis	NCBI	-	NCBI	NCBI	-
KJ622503.1		R. affinis	NCBI	-	NCBI	NCBI	-
LC426440.1		R. affinis	NCBI	China	NCBI	NCBI	-
LC426448.1		R. affinis	NCBI	China	NCBI	NCBI	-
LC426445.1		R. affinis	NCBI	China	NCBI	NCBI	-
LC426443.1		R. affinis	NCBI	China	NCBI	NCBI	-
KJ622459.1		R. affinis	NCBI	-	NCBI	NCBI	-
ON640695.1		R. affinis	NCBI	China	NCBI	NCBI	-
OR468085.1		R. affinis	NCBI	China	NCBI	NCBI	-
LC426437.1		R. affinis	NCBI	China	NCBI	NCBI	-
LC426446.1		R. affinis	NCBI	China	NCBI	NCBI	-
LC426441.1		R. affinis	NCBI	China	NCBI	NCBI	-
LC426447.1		R. affinis	NCBI	China	NCBI	NCBI	-
LC426444.1		R. affinis	NCBI	China	NCBI	NCBI	-
LC426449.1		R. affinis	NCBI	China	NCBI	NCBI	-
KJ622443.1		R. affinis	NCBI	-	NCBI	NCBI	-
EF584227.1		R. affinis	NCBI	-	NCBI	NCBI	-
KJ622457.1		R. affinis	NCBI	-	NCBI	NCBI	-
OL513433.1		R. affinis	NCBI	India	NCBI	NCBI	-
OL513434.1		R. affinis	NCBI	India	NCBI	NCBI	-
MG570063.1		R. affinis	NCBI	China	NCBI	NCBI	-
MK410324.1		R. affinis	NCBI	Myanmar	NCBI	NCBI	-
KJ622471.1		R. affinis	NCBI	-	NCBI	NCBI	-
ON640694.1		R. affinis	NCBI	China	NCBI	NCBI	-
DQ987605.1		R. affinis	NCBI	-	NCBI	NCBI	-
KR346924.1		R. affinis	NCBI	-	NCBI	NCBI	-
KJ622447.1		R. affinis	NCBI	-	NCBI	NCBI	-
KJ622448.1		R. affinis	NCBI	-	NCBI	NCBI	-
KJ622470.1		R. affinis	NCBI	-	NCBI	NCBI	-
KJ622474.1		R. affinis	NCBI	-	NCBI	NCBI	-
KJ622476.1		R. affinis	NCBI	-	NCBI	NCBI	-
KJ622465.1		R. affinis	NCBI	-	NCBI	NCBI	-
KJ622464.1		R. affinis	NCBI	-	NCBI	NCBI	-
KJ622467.1		R. affinis	NCBI	-	NCBI	NCBI	-
KJ622466.1		R. affinis	NCBI	-	NCBI	NCBI	-
KX467577.1		R. affinis	NCBI	China	NCBI	NCBI	-
KJ622475.1		R. affinis	NCBI	-	NCBI	NCBI	-
KJ622477.1		R. affinis	NCBI	-	NCBI	NCBI	-
JN106269.1		R. shameli	NCBI	-	NCBI	NCBI	-
